Kategória,Összeg,Részletek,Státusz
Utazás,3000,bali,Jóváhagyva
Utazás,3000,bali,Jóváhagyva
Utazás,3000,bali,Jóváhagyva
Utazás,3000,bali,Jóváhagyva
Utazás,3000,bali,Jóváhagyva
Utazás,3000,bali,Jóváhagyva
Utazás,3000,bali,Jóváhagyva
Utazás,3000,bali,Jóváhagyva
Utazás,3000,bali,Jóváhagyva
Utazás,3000,bali,Jóváhagyva
Irodaszer,3000,3432,Jóváhagyva
Irodaszer,43535324141,3432,Függőben
Utazás,3000,,Jóváhagyva
Utazás,3000,getger,Jóváhagyva
Utazás,6345425242,getger,Függőben
Utazás,3001,,Jóváhagyva
Utazás,3000,,Jóváhagyva
Utazás,3000,asd,Jóváhagyva
Utazás,6345421353,asd,Függőben
Utazás,453453,asd,Függőben
Utazás,300022,,Függőben
Utazás,3000,,Jóváhagyva
Utazás,3000,,Jóváhagyva
Utazás,3000,,Jóváhagyva
Utazás,3000,,Jóváhagyva
Utazás,3000,,Jóváhagyva
Utazás,3000,,Jóváhagyva
Utazás,3000,,Jóváhagyva
Utazás,3000,,Jóváhagyva
Utazás,3000,,Jóváhagyva
Utazás,3000,,Jóváhagyva
